{"NOUN": {"NOUN": 0.5606786912343819, "POS_VERB": 0.096859351451213, "POS_ADJ": 0.038980990811415234, "NEG_VERB": 0.22572803733774124, "NEG_ADJ": 0.07775292916524867}, "POS_VERB": {"NOUN": 0.598696841002967, "POS_VERB": 0.06806678689859794, "POS_ADJ": 0.07626970737099308, "NEG_VERB": 0.13369015067775902, "NEG_ADJ": 0.12327651404968293}, "POS_ADJ": {"NOUN": 0.7323943661971831, "POS_VERB": 0.0461852386403225, "POS_ADJ": 0.05190862489424178, "NEG_VERB": 0.09829293783904842, "NEG_ADJ": 0.0712188324292042}, "NEG_VERB": {"NOUN": 0.5719066032123736, "POS_VERB": 0.0720677176283958, "POS_ADJ": 0.06924201863969859, "NEG_VERB": 0.16596024191949238, "NEG_ADJ": 0.12082341860003966}, "NEG_ADJ": {"NOUN": 0.6914642806419543, "POS_VERB": 0.04678312739667661, "POS_ADJ": 0.04167021729867917, "NEG_VERB": 0.1350376366993325, "NEG_ADJ": 0.08504473796335749}}