{"pi": {"s_0": 0.06651934670645453, "s_1": 0.0975689502152824, "s_2": 0.05391317830528347, "s_3": 0.7819985247729796}, "tr": {"s_0": {"s_0": 0.4508534061136254, "s_1": 0.27535821537969274, "s_2": 0.24365977557236865, "s_3": 0.030128602934313086}, "s_1": {"s_0": 0.50100244469688, "s_1": 0.06632721692745408, "s_2": 0.3766465069666944, "s_3": 0.05602383140897149}, "s_2": {"s_0": 0.25085264527651113, "s_1": 0.3084646997811815, "s_2": 0.28957644782602515, "s_3": 0.15110620711628237}, "s_3": {"s_0": 0.4403602121998701, "s_1": 0.24572730203426013, "s_2": 0.26009556003495216, "s_3": 0.05381692573091774}}, "em": {"s_0": {"PROPN": 0.07285142353074404, "SPACE": 0.2708910336050713, "INTJ": 0.006628123626938065, "VERB": 0.1165955810956229, "NOUN": 0.21576832733048038, "ADJ": 0.0722951004101724, "SCONJ": 0.0019555033272600796, "PUNCT": 0.140893227748134, "SYM": 0.0033445855598733996, "AUX": 0.00776421848739737, "CCONJ": 0.005458514285034254, "PRON": 0.009505452213710089, "ADV": 0.0315454546057664, "X": 0.006831283823535895, "PART": 0.011919915979101805, "NUM": 0.016369961613598938, "DET": 0.0017472362516865213, "ADP": 0.007635056505872011}, "s_1": {"PROPN": 0.1295392522914321, "SPACE": 0.2710563531199137, "INTJ": 0.001859350460841954, "VERB": 0.11795055325072554, "NOUN": 0.24766059326124146, "ADJ": 0.09014265915324625, "SCONJ": 0.0002918630211367681, "PUNCT": 0.04112651918334547, "SYM": 0.0021779123287665766, "AUX": 0.014536023272610278, "CCONJ": 6.774121320491211e-05, "PRON": 0.007849261035372788, "ADV": 0.01402740468828862, "X": 0.012371302697562783, "PART": 0.03192212000503613, "NUM": 0.01268639808636764, "DET": 0.0012150970913131405, "ADP": 0.003519595839593408}, "s_2": {"PROPN": 0.053649047689721265, "SPACE": 0.2698680061107724, "INTJ": 0.0011023042412740527, "VERB": 0.14671731702614005, "NOUN": 0.2734314665862015, "ADJ": 0.06989582327369792, "SCONJ": 0.001616041919597365, "PUNCT": 0.09376197876377136, "SYM": 0.0014182473488450718, "AUX": 0.011399830682940022, "CCONJ": 0.0005554577151639907, "PRON": 0.008626234454348052, "ADV": 0.0194076205883396, "X": 0.004771996272334986, "PART": 0.017461667823089836, "NUM": 0.012881878746264097, "DET": 0.0008655933679740506, "ADP": 0.012569487389524328}, "s_3": {"PROPN": 0.063927560773325, "SPACE": 0.5238653730123225, "INTJ": 0.03935911385781167, "VERB": 0.1499021124896854, "NOUN": 0.03488420167404712, "ADJ": 0.05693252187189474, "SCONJ": 5.8285634790465176e-05, "PUNCT": 0.03125370860137302, "SYM": 0.0019342547585331099, "AUX": 0.012317789185923462, "CCONJ": 5.952397873980787e-07, "PRON": 0.011963875153913018, "ADV": 0.02785720217078573, "X": 0.023953460546078987, "PART": 0.009084492890854627, "NUM": 0.006882113863138942, "DET": 0.003295296292250967, "ADP": 0.0025280419834838616}}}