{"NOUN": {"NOUN": 0.5985560729871423, "POS_VERB": 0.14956701715334525, "POS_ADJ": 0.0866258579113337, "NEG_VERB": 0.12713196458034345, "NEG_ADJ": 0.03811908736783528}, "POS_VERB": {"NOUN": 0.6172017650639074, "POS_VERB": 0.10537127206329884, "POS_ADJ": 0.14367772367620207, "NEG_VERB": 0.07840079123554473, "NEG_ADJ": 0.05534844796104687}, "POS_ADJ": {"NOUN": 0.7479008248086593, "POS_VERB": 0.07329155623807991, "POS_ADJ": 0.08572560869888292, "NEG_VERB": 0.058925519530379215, "NEG_ADJ": 0.03415649072399871}, "NEG_VERB": {"NOUN": 0.5697389171193272, "POS_VERB": 0.11899859821272123, "POS_ADJ": 0.1302128964429648, "NEG_VERB": 0.11545032416330822, "NEG_ADJ": 0.06559926406167864}, "NEG_ADJ": {"NOUN": 0.704094329560941, "POS_VERB": 0.07625762872548439, "POS_ADJ": 0.08710078805474906, "NEG_VERB": 0.0817088345085027, "NEG_ADJ": 0.05083841915032293}}