{"pi": {"s_0": 0.4264274401751664, "s_1": 0.07297024534240232, "s_2": 0.3341306435762737, "s_3": 0.16647167090615755}, "tr": {"s_0": {"s_0": 0.47223947248556297, "s_1": 0.3289458378939149, "s_2": 0.11679461596955241, "s_3": 0.08202007365096978}, "s_1": {"s_0": 0.08028965218518574, "s_1": 0.5017601027875518, "s_2": 0.10162399252384098, "s_3": 0.3163262525034216}, "s_2": {"s_0": 0.13206415241336183, "s_1": 0.22994256821042644, "s_2": 0.31525768428776246, "s_3": 0.32273559508844935}, "s_3": {"s_0": 0.245912190717274, "s_1": 0.34628115635650947, "s_2": 0.21160488831405977, "s_3": 0.19620176461215677}}, "em": {"s_0": {"PROPN": 0.1526476107840702, "SPACE": 0.3236156248250822, "ADV": 0.02799667359252682, "ADJ": 0.04609907698484005, "PART": 0.023826111897844907, "PUNCT": 0.08713690617248265, "X": 0.01185705258376551, "VERB": 0.14134728755444181, "DET": 0.0022498693368080036, "NOUN": 0.11785366760669516, "AUX": 0.02172481943016494, "SCONJ": 0.0014798657663419163, "NUM": 0.009411216467100051, "CCONJ": 0.004547297721564262, "PRON": 0.013352596093057077, "SYM": 0.0012842774048557612, "ADP": 0.005835498047089203, "INTJ": 0.007734547731269294}, "s_1": {"PROPN": 0.05078938908398, "SPACE": 0.2690860935996897, "ADV": 0.037340063377168824, "ADJ": 0.06841128806802066, "PART": 0.019180571586224125, "PUNCT": 0.15153508297269264, "X": 0.005643967313922554, "VERB": 0.12269979413961743, "DET": 0.002191286112413827, "NOUN": 0.21012953313777924, "AUX": 0.010356852441151242, "SCONJ": 0.0038161130423432135, "NUM": 0.019509457795365445, "CCONJ": 0.004228118741068178, "PRON": 0.00891033449481794, "SYM": 0.0034741820879584367, "ADP": 0.008057868474425722, "INTJ": 0.004640003531360752}, "s_2": {"PROPN": 0.025525237752503222, "SPACE": 0.3878468756738017, "ADV": 0.03458985377272763, "ADJ": 0.08463372594420608, "PART": 0.02100126619759752, "PUNCT": 0.0316569212993649, "X": 0.015983925712879203, "VERB": 0.16720518843244725, "DET": 0.002589223491576121, "NOUN": 0.16819458239771454, "AUX": 0.013836786761036507, "SCONJ": 0.0004400908810295304, "NUM": 0.00964504722001667, "CCONJ": 4.5980977065811244e-05, "PRON": 0.01360987047095667, "SYM": 0.0018387691918570113, "ADP": 0.0066106351809842295, "INTJ": 0.01474601864223563}, "s_3": {"PROPN": 0.01890706979397269, "SPACE": 0.33491967233834147, "ADV": 0.038963500144410565, "ADJ": 0.07814684355513508, "PART": 0.008650473015515447, "PUNCT": 0.1105038835890622, "X": 0.0053037692615799294, "VERB": 0.14222782326409586, "DET": 0.002707132807486156, "NOUN": 0.21014300309786402, "AUX": 0.00566973937380909, "SCONJ": 0.0014641641733685316, "NUM": 0.011303852216653552, "CCONJ": 0.00021451370999278906, "PRON": 0.007298404663617585, "SYM": 0.0018649708728196432, "ADP": 0.007005799678339714, "INTJ": 0.014705384443935526}}}